,name,port_id,lat_port,lon_port,iso2,area,h3_5_hexring
0,Aamshite,wfp.16923,34.15214,35.62828,lb,black,"['852da273fffffff', '852da20bfffffff', '852da20ffffffff', '852da27bfffffff', '852da277fffffff', '852da247fffffff', '852da263fffffff']"
1,Aamshite Fuel Oil Port,wfp.17891,34.15434,35.63044,lb,black,"['852da273fffffff', '852da20bfffffff', '852da20ffffffff', '852da27bfffffff', '852da277fffffff', '852da247fffffff', '852da263fffffff']"
2,Abu Qir,wfp.15978,31.32275,30.07086,eg,black,"['853f596bfffffff', '853f5963fffffff', '853f5ba7fffffff', '853f596ffffffff', '853e66d3fffffff', '853f5bb7fffffff', '853f597bfffffff']"
3,Achladi,wfp.17639,38.89103,22.81134,gr,black,"['851ede63fffffff', '851ede6bfffffff', '851ede77fffffff', '851ede7bfffffff', '851ede73fffffff', '851ede6ffffffff', '851ede67fffffff']"
4,Agio Theodoroi,wfp.17321,37.92756,23.14454,gr,black,"['851eda4ffffffff', '851eda43fffffff', '851eda7bfffffff', '851eda4bfffffff', '851eda47fffffff', '853f29b7fffffff', '853f29b3fffffff']"
5,Agnesberg,2321,57.7856,12.0076,se,baltic,"['851f25abfffffff', '851f2533fffffff', '851f25affffffff', '851f2517fffffff', '851f25bbfffffff', '851f25a3fffffff', '851f2507fffffff']"
6,Ain El Mraisse _El Jisr,wfp.17550,33.90228,35.49546,lb,black,"['852da24ffffffff', '852da24bfffffff', '852db1b7fffffff', '852db1b3fffffff', '852da27bfffffff', '852da243fffffff', '852da247fffffff']"
7,Ain El Mraisse _El Manara,wfp.17549,33.89853,35.4689,lb,black,"['852da24ffffffff', '852da24bfffffff', '852db1b7fffffff', '852db1b3fffffff', '852da27bfffffff', '852da243fffffff', '852da247fffffff']"
8,Akdeniz,wfp.17383,36.83469,30.6047,tr,black,"['853f6e37fffffff', '853f68cbfffffff', '853f6eaffffffff', '853f68dbfffffff', '853f6e27fffffff', '853f6e33fffffff', '853f6e23fffffff']"
9,Akrotiri,wfp.14569,34.57054,33.03232,UNKNOWN,black,"['853f4d33fffffff', '853f4d3bfffffff', '853f4d23fffffff', '853f4dabfffffff', '853f4d37fffffff', '853f4d07fffffff', '853f4daffffffff']"
10,Alanya,wfp.15429,36.53688,31.99813,tr,black,"['853f6823fffffff', '853f682bfffffff', '853f6837fffffff', '853f683bfffffff', '853f682ffffffff', '853f6833fffffff', '853f6827fffffff']"
11,Alexandria,wfp.16270,31.19534,29.88146,eg,black,"['853f5bb7fffffff', '853f594ffffffff', '853f5ba3fffffff', '853f5bb3fffffff', '853f5ba7fffffff', '853f596bfffffff', '853f597bfffffff']"
12,Aliaga,wfp.14973,38.80293,26.96204,tr,black,"['853f6447fffffff', '853f6443fffffff', '853f644ffffffff', '853f6457fffffff', '853f640bfffffff', '853f647bfffffff', '853f6473fffffff']"
13,Amasra,wfp.16192,41.74558,32.38736,tr,black,"['852d0483fffffff', '852d0493fffffff', '852d0497fffffff', '852d0487fffffff', '852d048ffffffff', '852d048bfffffff', '852d049bfffffff']"
14,Ambarli,wfp.17151,40.97633,28.6957,tr,black,"['851ec91bfffffff', '851ec903fffffff', '851ec90bfffffff', '851ec9c7fffffff', '851ec957fffffff', '851ec9cffffffff', '851ec913fffffff']"
15,Amorgos,wfp.16047,36.82737,25.86269,gr,black,"['853f7567fffffff', '853f756ffffffff', '853f719bfffffff', '853f7193fffffff', '853f7577fffffff', '853f752bfffffff', '853f7563fffffff']"
16,Anamur,wfp.15138,36.06969,32.86657,tr,black,"['853f696bfffffff', '853f6963fffffff', '853f6bb7fffffff', '853f697bfffffff', '852da497fffffff', '853f696ffffffff', '853f6ba7fffffff']"
17,Antalya,wfp.16176,36.88332,30.70299,tr,black,"['853f6e37fffffff', '853f68cbfffffff', '853f6eaffffffff', '853f68dbfffffff', '853f6e27fffffff', '853f6e33fffffff', '853f6e23fffffff']"
18,Ashdod,wfp.15432,31.82475,34.6482,il,black,"['852db627fffffff', '852db637fffffff', '852db623fffffff', '852db053fffffff', '852db62ffffffff', '852db0cbfffffff', '852db05bfffffff']"
19,Ashkelon,wfp.16914,31.68119,34.55747,il,black,"['852db623fffffff', '852db637fffffff', '852db62ffffffff', '852db62bfffffff', '852db627fffffff', '852db63bfffffff', '852db633fffffff']"
20,Ayancik,wfp.15644,41.94791,34.58465,tr,black,"['852d01d3fffffff', '852d00a7fffffff', '852d056bfffffff', '852d01d7fffffff', '852d01dbfffffff', '852d01c3fffffff', '852d056ffffffff']"
21,Ayvalik,wfp.15692,39.32862,26.69751,tr,black,"['853f64c3fffffff', '853f64cffffffff', '853f64d7fffffff', '853f64c7fffffff', '853f64d3fffffff', '853f64dbfffffff', '853f64cbfffffff']"
22,BERGKVARA,9238,56.3832,16.0831,se,baltic,"['851f28affffffff', '851f28a7fffffff', '851f2837fffffff', '851f28abfffffff', '851f28a3fffffff', '851f2833fffffff', '851f29dbfffffff']"
23,BOHUS,8763428,57.824,12.016124,se,baltic,"['851f25abfffffff', '851f2533fffffff', '851f25affffffff', '851f2517fffffff', '851f25bbfffffff', '851f25a3fffffff', '851f2507fffffff']"
24,BROFJORDEN,4219,58.35,11.416492,se,baltic,"['85099a67fffffff', '8508b49bfffffff', '85099a6ffffffff', '85099a63fffffff', '85099a2bfffffff', '85099a77fffffff', '8508b493fffffff']"
25,Bakirkoy,wfp.17131,40.95846,28.8229,tr,black,"['851ec91bfffffff', '851ec903fffffff', '851ec90bfffffff', '851ec9c7fffffff', '851ec957fffffff', '851ec9cffffffff', '851ec913fffffff']"
26,Bandirmar,wfp.17055,40.35069,27.96166,tr,black,"['851ecb8bfffffff', '851ecbc7fffffff', '851ecb13fffffff', '851ecbd7fffffff', '851ecb8ffffffff', '851ecb9bfffffff', '851ecb83fffffff']"
27,Baniyas,wfp.17354,35.18358,35.94398,sy,black,"['852da313fffffff', '852da317fffffff', '852da38bfffffff', '852da38ffffffff', '852da303fffffff', '852da31bfffffff', '852da3c7fffffff']"
28,Bar,wfp.15588,42.08546,19.08775,me,black,"['851ef20bfffffff', '851ef203fffffff', '851ef247fffffff', '851ef21bfffffff', '851ef273fffffff', '851ef257fffffff', '851ef20ffffffff']"
29,Bartin,wfp.17558,41.68671,32.23357,tr,black,"['852d049bfffffff', '852d0493fffffff', '852d2267fffffff', '852d0483fffffff', '852d226ffffffff', '852d048bfffffff', '852d04d7fffffff']"
30,Basarabi,wfp.14575,44.1792,28.3939,ro,black,"['851ee98bfffffff', '851ee9d7fffffff', '851ee98ffffffff', '851ee9c7fffffff', '851ee913fffffff', '851ee983fffffff', '851ee99bfffffff']"
31,Batroun,wfp.15237,34.25713,35.65675,lb,black,"['852da277fffffff', '852da23bfffffff', '852da20ffffffff', '852da267fffffff', '852da273fffffff', '852da22bfffffff', '852da263fffffff']"
32,Batumi,wfp.17093,41.64976,41.65796,ge,black,"['852c21cbfffffff', '852c2027fffffff', '852c2037fffffff', '852c21cffffffff', '852c21dbfffffff', '852c21c3fffffff', '852c2153fffffff']"
33,Beirut,wfp.14798,33.90151,35.51784,lb,black,"['852da24ffffffff', '852da24bfffffff', '852db1b7fffffff', '852db1b3fffffff', '852da27bfffffff', '852da243fffffff', '852da247fffffff']"
34,Belgorod-Dnestrovskiy,wfp.17357,46.18325,30.37314,ua,black,"['851e5c2ffffffff', '851e5c23fffffff', '851e5c2bfffffff', '851e5897fffffff', '851e5893fffffff', '851e5d5bfffffff', '851e5c27fffffff']"
35,Berdyansk,wfp.16881,46.7537,36.77623,ua,black,"['852d7513fffffff', '852d75c7fffffff', '852d7517fffffff', '852d758bfffffff', '852d758ffffffff', '852d751bfffffff', '852d7503fffffff']"
36,Beykoz,wfp.16140,41.13453,29.09164,tr,black,"['851ec917fffffff', '851ec98ffffffff', '851ec9bbfffffff', '851ec903fffffff', '851ec9abfffffff', '851ec907fffffff', '851ec913fffffff']"
37,Bodrum,wfp.15457,37.03359,27.43014,tr,black,"['853f623bfffffff', '853f6223fffffff', '853f6207fffffff', '853f6277fffffff', '853f620ffffffff', '853f6233fffffff', '853f622bfffffff']"
38,Borj Islam,wfp.16789,35.68174,35.79058,sy,black,"['852da14bfffffff', '852da15bfffffff', '852da14ffffffff', '852da397fffffff', '852da3b3fffffff', '852da387fffffff', '852da143fffffff']"
39,Braila,wfp.14866,45.2824,27.98468,ro,black,"['851eed87fffffff', '851eedbbfffffff', '851eedb3fffffff', '851eed8ffffffff', '851eed97fffffff', '851e5e4bfffffff', '851eed83fffffff']"
40,Burgas,wfp.16608,42.48834,27.45531,bg,black,"['851eccb7fffffff', '851ecca7fffffff', '851eeb7bfffffff', '851eccb3fffffff', '851eeb6bfffffff', '851eeb4ffffffff', '851ecca3fffffff']"
41,Buyukcekmece,wfp.17092,41.01859,28.5811,tr,black,"['851ec9cffffffff', '851ec91bfffffff', '851ec9c7fffffff', '851ec9c3fffffff', '851ec953fffffff', '851ec957fffffff', '851ec9cbfffffff']"
42,BÅLSTA,4949,59.5833,17.504,se,baltic,"['85088607fffffff', '8508863bfffffff', '85088617fffffff', '85088633fffffff', '850886abfffffff', '85088603fffffff', '8508860ffffffff']"
43,Canakkale,wfp.15678,40.15029,26.40266,tr,black,"['851eca1bfffffff', '851ecacffffffff', '851eca57fffffff', '851eca13fffffff', '851eca03fffffff', '851ecac7fffffff', '851eca0bfffffff']"
44,Cesme,wfp.14964,38.32184,26.29818,tr,black,"['853f6613fffffff', '853f668bfffffff', '853f6603fffffff', '853f6617fffffff', '853f66c7fffffff', '853f668ffffffff', '853f661bfffffff']"
45,Ceyhan,wfp.17523,36.88203,35.9351,tr,black,"['852dacd3fffffff', '852dacc3fffffff', '852d126ffffffff', '852da1a7fffffff', '852d126bfffffff', '852dacd7fffffff', '852dacdbfffffff']"
46,Cheikh Zennad,wfp.14730,34.60732,35.98605,lb,black,"['852da35bfffffff', '852da227fffffff', '852da343fffffff', '852da22ffffffff', '852da353fffffff', '852da34bfffffff', '852d8497fffffff']"
47,Chekka,wfp.14999,34.32698,35.72336,lb,black,"['852da277fffffff', '852da23bfffffff', '852da20ffffffff', '852da267fffffff', '852da273fffffff', '852da22bfffffff', '852da263fffffff']"
48,Chekka Fuel Oil Port,wfp.17892,34.32934,35.72545,lb,black,"['852da277fffffff', '852da23bfffffff', '852da20ffffffff', '852da267fffffff', '852da273fffffff', '852da22bfffffff', '852da263fffffff']"
49,Cide,wfp.15896,41.89864,32.98514,tr,black,"['852d04affffffff', '852d04a7fffffff', '852d0437fffffff', '852d0433fffffff', '852d05dbfffffff', '852d04a3fffffff', '852d04abfffffff']"
50,Constanta,wfp.15023,44.16453,28.6419,ro,black,"['851ee98ffffffff', '851ee917fffffff', '851ee9bbfffffff', '851ee913fffffff', '851ee983fffffff', '851ee98bfffffff', '851ee987fffffff']"
51,Corinth,wfp.16361,37.94232,22.93194,gr,black,"['851eda4bfffffff', '851eda43fffffff', '853f2997fffffff', '851eda5bfffffff', '853f29b3fffffff', '853f2987fffffff', '851eda4ffffffff']"
52,DEGERHAMN,9557327,56.3501248,16.4168,se,baltic,"['851f29cbfffffff', '851f29cffffffff', '851f2837fffffff', '851f29c3fffffff', '851f2953fffffff', '851f29dbfffffff', '851f2827fffffff']"
53,Dbaiye,wfp.16265,33.92898,35.58605,lb,black,"['852da27bfffffff', '852da24ffffffff', '852da26bfffffff', '852db1b7fffffff', '852da273fffffff', '852da247fffffff', '852da263fffffff']"
54,Dbaiye 2 Port,wfp.17888,33.9441,35.58868,lb,black,"['852da27bfffffff', '852da24ffffffff', '852da26bfffffff', '852db1b7fffffff', '852da273fffffff', '852da247fffffff', '852da263fffffff']"
55,Derince,wfp.14959,40.74981,29.83019,tr,black,"['851ec927fffffff', '851ec923fffffff', '851ec937fffffff', '852d35d3fffffff', '852d359bfffffff', '851ec92ffffffff', '852d35d7fffffff']"
56,Dhekelia,wfp.17202,34.98006,33.73019,UNKNOWN,black,"['852da6b3fffffff', '852da44ffffffff', '852da6b7fffffff', '852da6bbfffffff', '852da44bfffffff', '852da6a3fffffff', '852da687fffffff']"
57,Dikili,wfp.16705,39.07053,26.88805,tr,black,"['853f64cffffffff', '853f64c3fffffff', '853f6453fffffff', '853f64c7fffffff', '853f6457fffffff', '853f64cbfffffff', '853f641bfffffff']"
58,Diliskelesi,wfp.17455,40.76636,29.53002,tr,black,"['851ec923fffffff', '851ec937fffffff', '851ec92bfffffff', '851ec93bfffffff', '851ec927fffffff', '851ec92ffffffff', '851ec933fffffff']"
59,Dilovasi,wfp.17382,40.77108,29.54326,tr,black,"['851ec923fffffff', '851ec937fffffff', '851ec92bfffffff', '851ec93bfffffff', '851ec927fffffff', '851ec92ffffffff', '851ec933fffffff']"
60,Eceabat,wfp.16188,40.18429,26.36012,tr,black,"['851eca1bfffffff', '851ecacffffffff', '851eca57fffffff', '851eca13fffffff', '851eca03fffffff', '851ecac7fffffff', '851eca0bfffffff']"
61,Eckerö,747712,60.229,19.5421,fi,baltic,"['8508839bfffffff', '850883d7fffffff', '85088383fffffff', '85088067fffffff', '8508838bfffffff', '85088393fffffff', '8508806ffffffff']"
62,Ed Daliah,wfp.14549,33.884,35.47341,lb,black,"['852da24ffffffff', '852da24bfffffff', '852db1b7fffffff', '852db1b3fffffff', '852da27bfffffff', '852da243fffffff', '852da247fffffff']"
63,Ed Daoura,wfp.16304,33.89927,35.5578,lb,black,"['852da24ffffffff', '852da24bfffffff', '852db1b7fffffff', '852db1b3fffffff', '852da27bfffffff', '852da243fffffff', '852da247fffffff']"
64,Ed Daoura Fuel Oil Port,wfp.17893,33.89813,35.55245,lb,black,"['852da24ffffffff', '852da24bfffffff', '852db1b7fffffff', '852db1b3fffffff', '852da27bfffffff', '852da243fffffff', '852da247fffffff']"
65,Edincik,wfp.15143,40.36566,27.86879,tr,black,"['851ecb8bfffffff', '851ecbc7fffffff', '851ecb13fffffff', '851ecbd7fffffff', '851ecb8ffffffff', '851ecb9bfffffff', '851ecb83fffffff']"
66,Ej Jiye,wfp.16019,33.64933,35.4069,lb,black,"['852da24bfffffff', '852da24ffffffff', '852db197fffffff', '852db1b3fffffff', '852da243fffffff', '852da25bfffffff', '852db187fffffff']"
67,El Aabde,wfp.15019,34.51918,35.97785,lb,black,"['852da22ffffffff', '852da227fffffff', '852da223fffffff', '852da22bfffffff', '852da35bfffffff', '852d8497fffffff', '852d8493fffffff']"
68,El Aaqaybe,wfp.17032,34.05716,35.6415,lb,black,"['852da273fffffff', '852da20bfffffff', '852da20ffffffff', '852da27bfffffff', '852da277fffffff', '852da247fffffff', '852da263fffffff']"
69,El Beddaoui,wfp.16992,34.45735,35.8627,lb,black,"['852da22bfffffff', '852da23bfffffff', '852da267fffffff', '852da223fffffff', '852da22ffffffff', '852da277fffffff', '852d8493fffffff']"
70,El Berbara,wfp.15249,34.19237,35.63294,lb,black,"['852da273fffffff', '852da20bfffffff', '852da20ffffffff', '852da27bfffffff', '852da277fffffff', '852da247fffffff', '852da263fffffff']"
71,El Bware,wfp.17377,34.0453,35.6313,lb,black,"['852da27bfffffff', '852da24ffffffff', '852da26bfffffff', '852db1b7fffffff', '852da273fffffff', '852da247fffffff', '852da263fffffff']"
72,El Dekheila,wfp.17532,31.1326,29.79895,eg,black,"['853f5ba3fffffff', '853f5bb7fffffff', '853f5baffffffff', '853f5bb3fffffff', '853f5ba7fffffff', '853f5babfffffff', '853f5bbbfffffff']"
73,El Heri,wfp.14667,34.31069,35.71581,lb,black,"['852da277fffffff', '852da23bfffffff', '852da20ffffffff', '852da267fffffff', '852da273fffffff', '852da22bfffffff', '852da263fffffff']"
74,El Iskandariya,wfp.14393,31.16936,29.86204,eg,black,"['853f5ba7fffffff', '853f5ba3fffffff', '853f5baffffffff', '853e66dbfffffff', '853e66d3fffffff', '853f5bb7fffffff', '853f596bfffffff']"
75,El Maadiya Port,wfp.17368,31.2697,30.15254,eg,black,"['853f596bfffffff', '853f5963fffffff', '853f5ba7fffffff', '853f596ffffffff', '853e66d3fffffff', '853f5bb7fffffff', '853f597bfffffff']"
76,El Maameltayne,wfp.17006,34.00517,35.64464,lb,black,"['852da27bfffffff', '852da24ffffffff', '852da26bfffffff', '852db1b7fffffff', '852da273fffffff', '852da247fffffff', '852da263fffffff']"
77,El Meks,wfp.17052,31.15318,29.84303,eg,black,"['853f5ba3fffffff', '853f5bb7fffffff', '853f5baffffffff', '853f5bb3fffffff', '853f5ba7fffffff', '853f5babfffffff', '853f5bbbfffffff']"
78,El Minie,wfp.14638,34.48356,35.92342,lb,black,"['852da22ffffffff', '852da227fffffff', '852da223fffffff', '852da22bfffffff', '852da35bfffffff', '852d8497fffffff', '852d8493fffffff']"
79,El Ouzaai,wfp.16264,33.84337,35.48366,lb,black,"['852da24ffffffff', '852da24bfffffff', '852db1b7fffffff', '852db1b3fffffff', '852da27bfffffff', '852da243fffffff', '852da247fffffff']"
80,El Qalamoun,wfp.15000,34.38993,35.78766,lb,black,"['852da22bfffffff', '852da23bfffffff', '852da267fffffff', '852da223fffffff', '852da22ffffffff', '852da277fffffff', '852d8493fffffff']"
81,Eleusis,wfp.14332,38.04274,23.51074,gr,black,"['851eda73fffffff', '851eda7bfffffff', '851eda0ffffffff', '851eda0bfffffff', '851eda47fffffff', '851eda63fffffff', '851eda77fffffff']"
82,En Naqoura,wfp.14666,33.12491,35.14311,lb,black,"['852db56ffffffff', '852db56bfffffff', '852db567fffffff', '852db1d7fffffff', '852db19bfffffff', '852db1d3fffffff', '852db563fffffff']"
83,Enfe,wfp.16024,34.3602,35.72977,lb,black,"['852da22bfffffff', '852da23bfffffff', '852da267fffffff', '852da223fffffff', '852da22ffffffff', '852da277fffffff', '852d8493fffffff']"
84,Erdek,wfp.14905,40.39613,27.79244,tr,black,"['851ecbd7fffffff', '851ecbc7fffffff', '851ecbc3fffffff', '851ec86ffffffff', '851ecb8bfffffff', '851ecb9bfffffff', '851ecbd3fffffff']"
85,Eregli,wfp.16454,41.26814,31.42242,tr,black,"['852d2243fffffff', '852d224ffffffff', '852d2247fffffff', '852d2257fffffff', '852d224bfffffff', '852d225bfffffff', '852d2253fffffff']"
86,Es Saadiyat,wfp.14692,33.6944,35.42614,lb,black,"['852da24bfffffff', '852da24ffffffff', '852db197fffffff', '852db1b3fffffff', '852da243fffffff', '852da25bfffffff', '852db187fffffff']"
87,Es Safra,wfp.14706,34.03494,35.62566,lb,black,"['852da27bfffffff', '852da24ffffffff', '852da26bfffffff', '852db1b7fffffff', '852da273fffffff', '852da247fffffff', '852da263fffffff']"
88,Evpatoria,wfp.16883,45.18809,33.37369,ua,black,"['852d2d1bfffffff', '852d2d13fffffff', '852d2d0bfffffff', '852d2dc7fffffff', '852d2d03fffffff', '852d2dcffffffff', '852d2d57fffffff']"
89,Ez Zahrani,wfp.17482,33.50451,35.34433,lb,black,"['852db183fffffff', '852db197fffffff', '852db19bfffffff', '852db18ffffffff', '852db18bfffffff', '852db187fffffff', '852db193fffffff']"
90,FALKENBERG,8241721,56.916,12.499,se,baltic,"['851f211bfffffff', '851f21cffffffff', '851f2113fffffff', '851f21c7fffffff', '851f2157fffffff', '851f210bfffffff', '851f2103fffffff']"
91,FREDRIKSHAMN,897421,57.433299,10.530099,dk,baltic,"['851f2423fffffff', '851f242bfffffff', '851f2437fffffff', '851f243bfffffff', '851f242ffffffff', '851f2427fffffff', '851f2433fffffff']"
92,Famagusta,wfp.16169,35.13087,33.93946,cy,black,"['852da46bfffffff', '852da463fffffff', '852da47bfffffff', '852da6a7fffffff', '852da0d3fffffff', '852da6b7fffffff', '852da46ffffffff']"
93,Fatsa,wfp.14963,41.04402,37.48562,tr,black,"['852d1d07fffffff', '852d1d3bfffffff', '852d1d03fffffff', '852d1d33fffffff', '852d1d0ffffffff', '852d1dabfffffff', '852d1d17fffffff']"
94,Feodosia,wfp.16884,45.02829,35.38767,ua,black,"['852d290ffffffff', '852d2907fffffff', '852d293bfffffff', '852d2973fffffff', '852d2903fffffff', '852d290bfffffff', '852d2977fffffff']"
95,Fethiye,wfp.15964,36.62179,29.10543,tr,black,"['853f632ffffffff', '853f6327fffffff', '853f4593fffffff', '853f6e5bfffffff', '853f632bfffffff', '853f4597fffffff', '853f6323fffffff']"
96,Finike,wfp.15189,36.29548,30.14774,tr,black,"['853f6e6ffffffff', '853f6a9bfffffff', '853f6e67fffffff', '853f6ad7fffffff', '853f6e6bfffffff', '853f6e63fffffff', '853f6ad3fffffff']"
97,Foca,wfp.14402,38.66761,26.7521,tr,black,"['853f644bfffffff', '853f6443fffffff', '853f6697fffffff', '853f644ffffffff', '853f645bfffffff', '853f6687fffffff', '853f66b3fffffff']"
98,FÖRBY,9393214,60.101,22.8534,fi,baltic,"['85089d63fffffff', '85089d7bfffffff', '85089d6bfffffff', '85089d67fffffff', '85089d6ffffffff', '85089d73fffffff', '85089d77fffffff']"
99,GDANSK,785329,54.36023,18.64912,pl,baltic,"['851f09b3fffffff', '851f0987fffffff', '851f724bfffffff', '851f09a3fffffff', '851f724ffffffff', '851f09bbfffffff', '851f09b7fffffff']"
100,GDYNIA,12641287,54.5343,18.5459,pl,baltic,"['851f7243fffffff', '851f7247fffffff', '851f724bfffffff', '851f7257fffffff', '851f724ffffffff', '851f725bfffffff', '851f7253fffffff']"
101,GRENÅ,987352,56.416794,10.93124,dk,baltic,"['851f2063fffffff', '851f2073fffffff', '851f206bfffffff', '851f2077fffffff', '851f206ffffffff', '851f207bfffffff', '851f2067fffffff']"
102,GRISSLEHAMN,856529,60.110847,18.8167471,se,baltic,"['85088073fffffff', '85088063fffffff', '8508800ffffffff', '85088047fffffff', '85088077fffffff', '8508800bfffffff', '8508807bfffffff']"
103,GRUVÖN,32876239647,59.33213,13.1166069,se,baltic,"['8508b517fffffff', '8508b513fffffff', '8508b507fffffff', '8508b58ffffffff', '8508b5bbfffffff', '8508b503fffffff', '8508b5abfffffff']"
104,Gaza,wfp.16786,31.52247,34.43192,ps,black,"['852db63bfffffff', '852db623fffffff', '852db62bfffffff', '852db60ffffffff', '852db677fffffff', '852db607fffffff', '852db633fffffff']"
105,Gelibolu,wfp.14975,40.4062,26.67013,tr,black,"['851eca8ffffffff', '851eca87fffffff', '851eca83fffffff', '851eca8bfffffff', '851eca13fffffff', '851ecabbfffffff', '851eca17fffffff']"
106,Gemikonagi,wfp.17304,35.14621,32.81445,cy,black,"['852da4dbfffffff', '852da4c3fffffff', '852da4d3fffffff', '852da4cbfffffff', '853f4d87fffffff', '853f4d97fffffff', '853f4db3fffffff']"
107,Gemlik,wfp.16202,40.42269,29.15261,tr,black,"['851ec96ffffffff', '852d3487fffffff', '852d34b3fffffff', '851ec967fffffff', '851ec96bfffffff', '852d3497fffffff', '851ec963fffffff']"
108,Giresun,wfp.16209,40.92222,38.38656,tr,black,"['852d198ffffffff', '852d1917fffffff', '852d19bbfffffff', '852d1913fffffff', '852d1987fffffff', '852d198bfffffff', '852d1983fffffff']"
109,Gocek,wfp.17108,36.75495,28.93988,tr,black,"['853f632bfffffff', '853f6377fffffff', '853f4593fffffff', '853f632ffffffff', '853f6323fffffff', '853f633bfffffff', '853f6367fffffff']"
110,Gokova,wfp.14475,37.05086,28.3247,tr,black,"['853f631bfffffff', '853f630bfffffff', '853f63cffffffff', '853f6357fffffff', '853f6313fffffff', '853f63c7fffffff', '853f6303fffffff']"
111,Golcuk,wfp.17495,40.72124,29.82794,tr,black,"['851ec927fffffff', '851ec923fffffff', '851ec937fffffff', '852d35d3fffffff', '852d359bfffffff', '851ec92ffffffff', '852d35d7fffffff']"
112,Gorele,wfp.15198,41.03658,39.00122,tr,black,"['852d1937fffffff', '852d1927fffffff', '852c24dbfffffff', '852d1923fffffff', '852d19affffffff', '852d1933fffffff', '852c24cbfffffff']"
113,Gulluk,wfp.14476,37.22763,27.58976,tr,black,"['853f62affffffff', '853f62abfffffff', '853f62a7fffffff', '853f6237fffffff', '853f62a3fffffff', '853f6233fffffff', '853f63dbfffffff']"
114,GÄVLE,742938,60.683293,17.183295,se,baltic,"['85088557fffffff', '85088543fffffff', '85088553fffffff', '8508850bfffffff', '8508851bfffffff', '850885cffffffff', '85088547fffffff']"
115,GÖTEBORG,9469372,57.7169,11.88329,se,baltic,"['851f25abfffffff', '851f2533fffffff', '851f25affffffff', '851f2517fffffff', '851f25bbfffffff', '851f25a3fffffff', '851f2507fffffff']"
116,HAAPSALU,90214,58.91666,23.501023,ee,baltic,"['85089a87fffffff', '85089a8ffffffff', '8508984bfffffff', '85089a97fffffff', '85089a83fffffff', '85089abbfffffff', '85089ab3fffffff']"
117,HALLSTAVIK,42199,60.0667,18.599,se,baltic,"['85088073fffffff', '85088063fffffff', '8508800ffffffff', '85088047fffffff', '85088077fffffff', '8508800bfffffff', '8508807bfffffff']"
118,HALMSTAD,987124,56.66124,12.86654,se,baltic,"['851f2177fffffff', '851f213bfffffff', '851f2163fffffff', '851f212bfffffff', '851f2167fffffff', '851f2173fffffff', '851f210ffffffff']"
119,HAMINA,879421,60.566475,27.183324,fi,baltic,"['85112213fffffff', '8511228ffffffff', '85112217fffffff', '851122c7fffffff', '8511221bfffffff', '85112203fffffff', '8511228bfffffff']"
120,HANKO/HANGÖ,89742,59.81432,22.967483,fi,baltic,"['850898a3fffffff', '850898bbfffffff', '850898abfffffff', '850898b3fffffff', '850898affffffff', '850898a7fffffff', '850898b7fffffff']"
121,HARAHOLMEN,984721,65.2330923,21.6350012,se,baltic,"['8508f163fffffff', '8508f16bfffffff', '8508f177fffffff', '8508f167fffffff', '8508f17bfffffff', '8508f16ffffffff', '8508f173fffffff']"
122,HARGSHAMN,10560147,60.166665,18.48354,se,baltic,"['8508800ffffffff', '8508803bfffffff', '85088073fffffff', '85088077fffffff', '8508800bfffffff', '85088007fffffff', '85088003fffffff']"
123,HELSINGBORG,87213,56.0542,12.69432,se,baltic,"['851f2327fffffff', '851f2e5bfffffff', '851f2e53fffffff', '851f2337fffffff', '851f2ecbfffffff', '851f232ffffffff', '851f2323fffffff']"
124,HELSINGÖR,91321,56.0324,12.55769,dk,baltic,"['851f2323fffffff', '851f232bfffffff', '851f2327fffffff', '851f2333fffffff', '851f2337fffffff', '851f233bfffffff', '851f232ffffffff']"
125,HELSINKI/HELSINGFORS,12,60.142,24.9512,fi,baltic,"['851126d3fffffff', '851126dbfffffff', '8508996bfffffff', '85089ba7fffffff', '8508996ffffffff', '851126d7fffffff', '851126c3fffffff']"
126,HOLMSUND,82,63.666554,20.33049,se,baltic,"['8508f293fffffff', '8508f667fffffff', '8508f62bfffffff', '8508f283fffffff', '8508f62ffffffff', '8508f297fffffff', '8508f29bfffffff']"
127,HUDIKSVALL,62,61.73324,17.116653,se,baltic,"['8508aa93fffffff', '8508ae2bfffffff', '8508aa83fffffff', '8508ae67fffffff', '8508aa9bfffffff', '8508ae2ffffffff', '8508aa97fffffff']"
128,HUSUM,28,63.35443,19.15326,se,baltic,"['8508f6c7fffffff', '8508f6c3fffffff', '8508f6d7fffffff', '8508f613fffffff', '8508f61bfffffff', '8508f6cffffffff', '8508f68bfffffff']"
129,Hadera,wfp.15715,32.46712,34.88576,il,black,"['852db017fffffff', '852db08ffffffff', '852db0abfffffff', '852db007fffffff', '852db0bbfffffff', '852db013fffffff', '852db003fffffff']"
130,Haifa,wfp.16226,32.81338,35.01136,il,black,"['852db0a3fffffff', '852db0abfffffff', '852db0a7fffffff', '852db0b7fffffff', '852db0bbfffffff', '852db0b3fffffff', '852db0affffffff']"
131,Halat,wfp.16268,34.09131,35.64935,lb,black,"['852da273fffffff', '852da20bfffffff', '852da20ffffffff', '852da27bfffffff', '852da277fffffff', '852da247fffffff', '852da263fffffff']"
132,Halytsynove,wfp.17325,46.77027,31.94476,ua,black,"['851e5db7fffffff', '851e4e6bfffffff', '851e5db3fffffff', '851e4e7bfffffff', '851e5da7fffffff', '851e4e4ffffffff', '851e5da3fffffff']"
133,Haydarpasa,wfp.14401,41.00242,29.01452,tr,black,"['851ec903fffffff', '851ec917fffffff', '851ec91bfffffff', '851ec90bfffffff', '851ec907fffffff', '851ec90ffffffff', '851ec913fffffff']"
134,Hereke,wfp.15643,40.78566,29.62055,tr,black,"['851ec923fffffff', '851ec937fffffff', '851ec92bfffffff', '851ec93bfffffff', '851ec927fffffff', '851ec92ffffffff', '851ec933fffffff']"
135,Hopa,wfp.14664,41.40556,41.42923,tr,black,"['852c2023fffffff', '852c2027fffffff', '852c2037fffffff', '852c203bfffffff', '852c202ffffffff', '852c2033fffffff', '852c202bfffffff']"
136,HÄRNÖSAND,19,62.63432,17.93243,se,baltic,"['8508a82ffffffff', '8508ab93fffffff', '8508a823fffffff', '8508a82bfffffff', '8508a95bfffffff', '8508ab97fffffff', '8508a827fffffff']"
137,HÖGANÄS,32140,56.2123,12.550249,se,baltic,"['851f23affffffff', '851f23a3fffffff', '851f2333fffffff', '851f2337fffffff', '851f2edbfffffff', '851f23abfffffff', '851f23a7fffffff']"
138,HÖNSÄTER,8128,58.63347,13.434,se,baltic,"['8508b093fffffff', '8508b42ffffffff', '8508b09bfffffff', '8508b467fffffff', '8508b097fffffff', '8508b42bfffffff', '8508b083fffffff']"
139,IGGESUND,21,61.6366,17.14325,se,baltic,"['8508ae67fffffff', '8508ae2bfffffff', '8508aa93fffffff', '8508ae6ffffffff', '8508aa9bfffffff', '8508ae77fffffff', '8508ae63fffffff']"
140,INKOO,924,60.01659,23.916923,fi,baltic,"['85089953fffffff', '85089943fffffff', '850899cbfffffff', '8508995bfffffff', '850899cffffffff', '85089827fffffff', '85089957fffffff']"
141,Idhra (Hydra),wfp.17638,37.35055,23.4647,gr,black,"['853f74dbfffffff', '853f29affffffff', '853f2937fffffff', '853f74c3fffffff', '853f29a7fffffff', '853f74cbfffffff', '853f74d3fffffff']"
142,Ilyichevsk,wfp.16868,46.31461,30.66402,ua,black,"['851e5d53fffffff', '851e5d43fffffff', '851e5dcffffffff', '851e5d57fffffff', '851e5d5bfffffff', '851e5c27fffffff', '851e5dcbfffffff']"
143,Imatra,4621469,61.216047,28.83413,fi,baltic,"['8511234ffffffff', '851104b7fffffff', '851104b3fffffff', '85112343fffffff', '8511234bfffffff', '85112347fffffff', '8511237bfffffff']"
144,Inebolu,wfp.15695,41.9785,33.76605,tr,black,"['852d0543fffffff', '852d0553fffffff', '852d0547fffffff', '852d054bfffffff', '852d0557fffffff', '852d055bfffffff', '852d054ffffffff']"
145,Iskenderun,wfp.15217,36.5935,36.18749,tr,black,"['852da127fffffff', '852da123fffffff', '852daccbfffffff', '852da137fffffff', '852dac53fffffff', '852da12ffffffff', '852dac5bfffffff']"
146,Istanbul,wfp.17747,41.02709,28.98473,tr,black,"['851ec913fffffff', '851ec98ffffffff', '851ec903fffffff', '851ec917fffffff', '851ec91bfffffff', '851ec9c7fffffff', '851ec98bfffffff']"
147,Isthmia,wfp.14651,37.91645,23.00835,gr,black,"['851eda4bfffffff', '851eda43fffffff', '853f2997fffffff', '851eda5bfffffff', '853f29b3fffffff', '853f2987fffffff', '851eda4ffffffff']"
148,Itea,wfp.15585,38.43203,22.42307,gr,black,"['853f2dabfffffff', '853f2daffffffff', '853f2da3fffffff', '853f2d33fffffff', '853f2dbbfffffff', '853f2d07fffffff', '853f2d17fffffff']"
149,Izmail,wfp.16882,45.32231,28.85054,ua,black,"['851e5e63fffffff', '851e5e67fffffff', '851e5e6ffffffff', '851e5e7bfffffff', '851e5e73fffffff', '851e5e77fffffff', '851e5e6bfffffff']"
150,Izmir,wfp.15436,38.44191,27.15477,tr,black,"['853f66a7fffffff', '853f66a3fffffff', '853f66affffffff', '853f646bfffffff', '853f60dbfffffff', '853f66b7fffffff', '853f60d3fffffff']"
151,Izmit,wfp.16470,40.76027,29.92893,tr,black,"['852d35d7fffffff', '852d35d3fffffff', '852d359bfffffff', '852d35c7fffffff', '851ec927fffffff', '852d358bfffffff', '852d35c3fffffff']"
152,Jbail,wfp.15294,34.12244,35.64334,lb,black,"['852da273fffffff', '852da20bfffffff', '852da20ffffffff', '852da27bfffffff', '852da277fffffff', '852da247fffffff', '852da263fffffff']"
153,Joensuu,879142,62.583,29.7512,fi,baltic,"['85112e3bfffffff', '85112e07fffffff', '85112e77fffffff', '85112e33fffffff', '85112e2bfffffff', '85112e0ffffffff', '85112e23fffffff']"
154,Jounie,wfp.16856,33.98615,35.61585,lb,black,"['852da27bfffffff', '852da24ffffffff', '852da26bfffffff', '852db1b7fffffff', '852da273fffffff', '852da247fffffff', '852da263fffffff']"
155,Joutseno,2472356,61.119467,28.467,fi,baltic,"['85112343fffffff', '8511234ffffffff', '8511234bfffffff', '85112347fffffff', '85112357fffffff', '85112353fffffff', '8511235bfffffff']"
156,KALAJOKI,74829,64.1831,23.8332,fi,baltic,"['8508d423fffffff', '8508d427fffffff', '8508d42ffffffff', '8508d433fffffff', '8508d42bfffffff', '8508d43bfffffff', '8508d437fffffff']"
157,KALMAR,1249,56.66327,16.36777,se,baltic,"['851f2d6bfffffff', '851f28a7fffffff', '851f2d7bfffffff', '851f28b7fffffff', '851f2d6ffffffff', '851f2d63fffffff', '851f29d3fffffff']"
158,KANTVIK,8412,60.08324,24.395,fi,baltic,"['8508994ffffffff', '8508994bfffffff', '85089947fffffff', '85089943fffffff', '8508997bfffffff', '85089bb3fffffff', '85089bb7fffffff']"
159,KAPELLSKÄR,98120,59.71787,19.06685,se,baltic,"['850882bbfffffff', '8508828ffffffff', '850882b3fffffff', '850882a3fffffff', '850882abfffffff', '85088287fffffff', '85088217fffffff']"
160,KARLSBORG,4559,65.912,23.282059,se,baltic,"['8508c637fffffff', '8508c623fffffff', '8508c0dbfffffff', '8508c6affffffff', '8508c627fffffff', '8508c0cbfffffff', '8508c633fffffff']"
161,KARLSHAMN,839,56.1658,14.86701,se,baltic,"['851f2853fffffff', '851f2857fffffff', '851f28cffffffff', '851f28cbfffffff', '851f285bfffffff', '851f2843fffffff', '851f2e27fffffff']"
162,KARLSKRONA,532,56.1685,15.59832,se,baltic,"['851f280ffffffff', '851f2803fffffff', '851f2877fffffff', '851f280bfffffff', '851f283bfffffff', '851f2807fffffff', '851f2873fffffff']"
163,KARLSTAD,129,59.36709,13.54001,se,baltic,"['8508b507fffffff', '8508b517fffffff', '8508b533fffffff', '8508b503fffffff', '8508b5abfffffff', '8508b53bfffffff', '8508b50ffffffff']"
164,KASKINEN,423,62.38359,21.217,fi,baltic,"['85088d4ffffffff', '85088d7bfffffff', '85088d47fffffff', '85088d43fffffff', '85088d4bfffffff', '850888b7fffffff', '850888b3fffffff']"
165,KEMI,591,65.7343,24.566669,fi,baltic,"['8508c28ffffffff', '8508c28bfffffff', '8508c2bbfffffff', '8508c283fffffff', '8508c217fffffff', '8508c213fffffff', '8508c287fffffff']"
166,KIEL,111,54.3164,10.08312,de,baltic,"['851f061bfffffff', '851f06cffffffff', '851f060bfffffff', '851f0603fffffff', '851f0613fffffff', '851f0657fffffff', '851f06c7fffffff']"
167,KLAIPEDA,9493,55.7176,21.13405,lt,baltic,"['851f71dbfffffff', '851f70affffffff', '851f71d3fffffff', '851f71c3fffffff', '851f7037fffffff', '851f70a7fffffff', '851f71cbfffffff']"
168,KLINTEHAMN,9447,57.38342,18.183,se,baltic,"['850896abfffffff', '85089617fffffff', '85089607fffffff', '85089633fffffff', '850896bbfffffff', '850896affffffff', '850896a3fffffff']"
169,KOKKOLA,231,63.8495,23.1333,fi,baltic,"['8508d413fffffff', '8508d403fffffff', '8508d48bfffffff', '8508d417fffffff', '8508d48ffffffff', '8508d41bfffffff', '8508d4c7fffffff']"
170,KOTKA,74,60.4667,26.951,fi,baltic,"['851122d7fffffff', '851122c7fffffff', '851122c3fffffff', '851122d3fffffff', '8511229bfffffff', '8511266ffffffff', '8511228bfffffff']"
171,KOVERHAR,104,59.88351,23.21656,fi,baltic,"['850898affffffff', '85089837fffffff', '850898abfffffff', '850899dbfffffff', '850898a7fffffff', '85089833fffffff', '850898a3fffffff']"
172,KRAMFORS,321441,62.9345,17.7844,se,baltic,"['8508a953fffffff', '8508a9cffffffff', '8508a957fffffff', '8508a943fffffff', '8508a95bfffffff', '8508a9cbfffffff', '8508a827fffffff']"
173,KRISTIINANKAUPUNKI,43024,62.2669,21.38349,fi,baltic,"['850888b3fffffff', '850888a3fffffff', '850888bbfffffff', '85088d4bfffffff', '85088887fffffff', '85088d4ffffffff', '850888b7fffffff']"
174,KRISTINEHAMN,21414,59.31659,14.1123,se,baltic,"['8508b567fffffff', '8508b577fffffff', '8508b56ffffffff', '8508b193fffffff', '8508b19bfffffff', '8508b52bfffffff', '8508b563fffffff']"
175,KUNDA,34679,59.5158,26.53313,ee,baltic,"['8511351bfffffff', '85113503fffffff', '85113557fffffff', '851135c7fffffff', '85113513fffffff', '851135cffffffff', '8511350bfffffff']"
176,Kalamaki,wfp.15085,37.91789,23.01012,gr,black,"['851eda4bfffffff', '851eda43fffffff', '853f2997fffffff', '851eda5bfffffff', '853f29b3fffffff', '853f2987fffffff', '851eda4ffffffff']"
177,Kalecik,wfp.14392,35.32798,33.99319,cy,black,"['852da46ffffffff', '852da463fffffff', '852da46bfffffff', '852da0d3fffffff', '852da0d7fffffff', '852da09bfffffff', '852da467fffffff']"
178,Kalimnos Island,wfp.17472,36.94686,26.98509,gr,black,"['853f620bfffffff', '853f6257fffffff', '853f6203fffffff', '853f6247fffffff', '853f621bfffffff', '853f620ffffffff', '853f6273fffffff']"
179,Karabiga,wfp.15956,40.40453,27.30777,tr,black,"['851ecaa7fffffff', '851ecab7fffffff', '851ecaaffffffff', '851ecbdbfffffff', '851ecaa3fffffff', '851ecbd3fffffff', '851ec86bfffffff']"
180,Kartal,wfp.16191,40.88715,29.18964,tr,black,"['851ec907fffffff', '851ec903fffffff', '851ec9abfffffff', '851ec917fffffff', '851ec90ffffffff', '851ec93bfffffff', '851ec933fffffff']"
181,Kas,wfp.16457,36.19824,29.64248,tr,black,"['853f45a3fffffff', '853f45b3fffffff', '853f45a7fffffff', '853f45bbfffffff', '853f45b7fffffff', '853f45abfffffff', '853f45affffffff']"
182,Keramoti,wfp.15779,40.85758,24.7032,gr,black,"['851ec377fffffff', '851ec32bfffffff', '851ec373fffffff', '851ec363fffffff', '851ec33bfffffff', '851ec367fffffff', '851ec30ffffffff']"
183,Kerch,wfp.14760,45.36156,36.48145,ua,black,"['852d76b7fffffff', '852d76a7fffffff', '852d746bfffffff', '852d744ffffffff', '852d76b3fffffff', '852d76a3fffffff', '852d747bfffffff']"
184,Kfar Aabida,wfp.16519,34.22685,35.65492,lb,black,"['852da277fffffff', '852da23bfffffff', '852da20ffffffff', '852da267fffffff', '852da273fffffff', '852da22bfffffff', '852da263fffffff']"
185,Kherson,wfp.14758,46.65936,32.66325,ua,black,"['851e4a9bfffffff', '851e4e67fffffff', '851e4ad7fffffff', '851e4a93fffffff', '851e4e6ffffffff', '851e4a83fffffff', '851e4a8bfffffff']"
186,Kos,wfp.16048,36.89698,27.28984,gr,black,"['853f6277fffffff', '853f6263fffffff', '853f6267fffffff', '853f623bfffffff', '853f620ffffffff', '853f6273fffffff', '853f622bfffffff']"
187,Kuopio,8020,62.88312,27.68342,fi,baltic,"['85112cdbfffffff', '85112137fffffff', '85112ccbfffffff', '851121a7fffffff', '851121affffffff', '85112cc3fffffff', '85112cd3fffffff']"
188,Kusadasi,wfp.16463,37.87016,27.26469,tr,black,"['853f605bfffffff', '853f604bfffffff', '853f6627fffffff', '853f6053fffffff', '853f6043fffffff', '853f6297fffffff', '853f662ffffffff']"
189,Kymi (Kimi),wfp.17338,38.63095,24.12442,gr,black,"['851edab7fffffff', '851ed84ffffffff', '851edab3fffffff', '851ed87bfffffff', '851edaa7fffffff', '851edaa3fffffff', '851ed86bfffffff']"
190,Kyrenia,wfp.16657,35.34059,33.33104,cy,black,"['852da457fffffff', '852da4cffffffff', '852da447fffffff', '852da40bfffffff', '852da443fffffff', '852da41bfffffff', '852da453fffffff']"
191,KÖGE,55,55.45124,12.183431,dk,baltic,"['851f05c3fffffff', '851f05d3fffffff', '851f05dbfffffff', '851f05cbfffffff', '851f05cffffffff', '851f05c7fffffff', '851f05d7fffffff']"
192,KÖPENHAMN,4305,55.68332,12.5899,dk,baltic,"['851f0583fffffff', '851f0587fffffff', '851f058bfffffff', '851f0597fffffff', '851f059bfffffff', '851f058ffffffff', '851f0593fffffff']"
193,KÖPING,989,59.55,16.01669,se,baltic,"['8508b12bfffffff', '8508b123fffffff', '8508b12ffffffff', '85088693fffffff', '8508b167fffffff', '8508b13bfffffff', '8508b177fffffff']"
194,LANDSKRONA,6312,55.8678,12.83,se,baltic,"['851f2e5bfffffff', '851f0597fffffff', '851f2327fffffff', '851f2e53fffffff', '851f2e4bfffffff', '851f2e43fffffff', '851f232ffffffff']"
195,LIDKÖPING,40042,58.5167,13.05118335,se,baltic,"['8508b477fffffff', '8508b463fffffff', '8508b467fffffff', '8508b40ffffffff', '8508b473fffffff', '8508b43bfffffff', '8508b42bfffffff']"
196,LIEBAJA,24788,56.499,20.9839129,lv,baltic,"['851f7513fffffff', '851f758ffffffff', '851f7517fffffff', '851f75c7fffffff', '851f7503fffffff', '851f758bfffffff', '851f751bfffffff']"
197,LILLA EDET,5053,58.1333,11895.11699,se,baltic,"['8508b2a3fffffff', '8508b2b7fffffff', '8508b2a7fffffff', '8508b2affffffff', '8508b2b3fffffff', '8508b2abfffffff', '8508b2bbfffffff']"
198,LOKSA,81274125,59.5833,25.7,ee,baltic,"['85089b67fffffff', '85089b63fffffff', '8511359bfffffff', '85089b2bfffffff', '85113593fffffff', '85089b77fffffff', '85089b6ffffffff']"
199,LOVIISA,213497901,60.44905,26.2526,fi,baltic,"['85112663fffffff', '85112673fffffff', '8511267bfffffff', '8511266bfffffff', '85112667fffffff', '8511266ffffffff', '85112677fffffff']"
200,LULEÅ,49490,65.58393,22.16689,se,baltic,"['8508c683fffffff', '8508c69bfffffff', '8508c68ffffffff', '8508c687fffffff', '8508c697fffffff', '8508c68bfffffff', '8508c693fffffff']"
201,LYSEKIL,94,58.26658,11.43327,se,baltic,"['85099a6ffffffff', '8508b49bfffffff', '8508b4d7fffffff', '85099a63fffffff', '8508b4d3fffffff', '85099a67fffffff', '85099a6bfffffff']"
202,Lappeenranta,75684,61.04925,28.249,fi,baltic,"['85112227fffffff', '8511222ffffffff', '851123cbfffffff', '85112223fffffff', '85112353fffffff', '85112237fffffff', '8511235bfffffff']"
203,Larnaca,wfp.16168,34.92302,33.64092,cy,black,"['852da6b3fffffff', '852da44ffffffff', '852da6b7fffffff', '852da6bbfffffff', '852da44bfffffff', '852da6a3fffffff', '852da687fffffff']"
204,Latchi,wfp.17149,35.04046,32.39504,cy,black,"['853f4d9bfffffff', '853f4dd7fffffff', '853f6b6ffffffff', '853f4d83fffffff', '853f4d93fffffff', '853f4d8bfffffff', '853f6b67fffffff']"
205,Lattakia,wfp.14792,35.50998,35.7654,sy,black,"['852da387fffffff', '852da383fffffff', '852da38ffffffff', '852da14bfffffff', '852da397fffffff', '852da3b3fffffff', '852da3bbfffffff']"
206,Lavrion (Laurium),wfp.17356,37.71262,24.06292,gr,black,"['853f7483fffffff', '853f749bfffffff', '853f7487fffffff', '853f748bfffffff', '853f748ffffffff', '853f7497fffffff', '853f7493fffffff']"
207,Limassol,wfp.15807,34.6697,33.03661,cy,black,"['853f4daffffffff', '853f4da7fffffff', '853f4da3fffffff', '853f4d33fffffff', '853f4dabfffffff', '853f4d37fffffff', '852da693fffffff']"
208,Limni,wfp.14656,38.76343,23.32182,gr,black,"['851eda9bfffffff', '851edad7fffffff', '851eda83fffffff', '851eda93fffffff', '851ede6ffffffff', '851ede67fffffff', '851eda8bfffffff']"
209,LÄNSI,9217,59.522,10.773,no,baltic,"['8509994ffffffff', '8509997bfffffff', '85099bb7fffffff', '8509994bfffffff', '85099947fffffff', '85099bb3fffffff', '85099943fffffff']"
210,LÅNGNÄS,4325,60.1128418,20.2976938,fi,baltic,"['8508830bfffffff', '85088303fffffff', '8508831bfffffff', '85088347fffffff', '85088373fffffff', '85088357fffffff', '8508830ffffffff']"
211,LÖDÖSE,398,58.0401,12.149,se,baltic,"['8508b4cbfffffff', '8508b4cffffffff', '8508b453fffffff', '8508b4dbfffffff', '851f25b3fffffff', '8508b4c3fffffff', '851f25b7fffffff']"
212,MALMÖ,932,55.616,13.0255,se,baltic,"['851f05bbfffffff', '851f0587fffffff', '851f058ffffffff', '851f05a3fffffff', '851f05abfffffff', '851f0517fffffff', '851f05b3fffffff']"
213,MARIEHAMN,99,60.0949,19.934,fi,baltic,"['850883c7fffffff', '850883d7fffffff', '8508831bfffffff', '85088313fffffff', '850883cffffffff', '850883c3fffffff', '8508838bfffffff']"
214,MARIESTAD,4004,58.717,13.817,se,baltic,"['8508b087fffffff', '8508b097fffffff', '8508b54bfffffff', '8508b08ffffffff', '8508b083fffffff', '8508b0b3fffffff', '8508b0bbfffffff']"
215,MUSSALO,9421815,60.440214,26.75921,fi,baltic,"['851122d7fffffff', '851122c7fffffff', '851122c3fffffff', '851122d3fffffff', '8511229bfffffff', '8511266ffffffff', '8511228bfffffff']"
216,MUUGA,645,59.482,24.955,ee,baltic,"['85089b0bfffffff', '85089b0ffffffff', '85089b73fffffff', '85089b03fffffff', '85089b47fffffff', '85089b57fffffff', '85089b1bfffffff']"
217,Maltepe,wfp.16448,40.94778,29.10295,tr,black,"['851ec903fffffff', '851ec917fffffff', '851ec91bfffffff', '851ec90bfffffff', '851ec907fffffff', '851ec90ffffffff', '851ec913fffffff']"
218,Mangalia,wfp.15144,43.80999,28.58539,ro,black,"['851ee903fffffff', '851ee90bfffffff', '851ee90ffffffff', '851ee907fffffff', '851ee917fffffff', '851ee91bfffffff', '851ee913fffffff']"
219,Mariupol,wfp.14762,47.09613,37.57886,ua,black,"['852d62cbfffffff', '852d7537fffffff', '852d62dbfffffff', '852d6253fffffff', '852d62c3fffffff', '852d62cffffffff', '852d7527fffffff']"
220,Marmaris,wfp.16467,36.85311,28.27674,tr,black,"['853f6357fffffff', '853f630bfffffff', '853f6353fffffff', '853f63cffffffff', '853f6347fffffff', '853f631bfffffff', '853f6343fffffff']"
221,Medgidia,wfp.15863,44.24633,28.30736,ro,black,"['851ee99bfffffff', '851eed67fffffff', '851ee9d7fffffff', '851ee983fffffff', '851ee993fffffff', '851ee98bfffffff', '851eed6ffffffff']"
222,Megara,wfp.16607,37.98237,23.35346,gr,black,"['851eda47fffffff', '851eda57fffffff', '851eda43fffffff', '851eda4ffffffff', '851eda7bfffffff', '851eda0bfffffff', '851eda73fffffff']"
223,Mersa El Hamra,wfp.17273,30.95546,28.79439,eg,black,"['853f5bcbfffffff', '853f5b53fffffff', '853f5bdbfffffff', '853f5a37fffffff', '853f5bcffffffff', '853f5a27fffffff', '853f5bc3fffffff']"
224,Mersa Matruh,wfp.16812,31.3566,27.2343,eg,black,"['853e2da7fffffff', '853f5adbfffffff', '853e2daffffffff', '853e2da3fffffff', '853f5ad3fffffff', '853e2db7fffffff', '853f5e6bfffffff']"
225,Mersin,wfp.16890,36.79997,34.63525,tr,black,"['852da537fffffff', '852da523fffffff', '852d12cbfffffff', '852da527fffffff', '852da533fffffff', '852da5affffffff', '852d12dbfffffff']"
226,Michurin,wfp.14577,42.17156,27.85799,bg,black,"['851ecdc3fffffff', '851ecdd3fffffff', '851ecdc7fffffff', '851ecdd7fffffff', '851ecddbfffffff', '851ecdcffffffff', '851ecdcbfffffff']"
227,Moni Anchorage,wfp.17234,34.71255,33.16621,cy,black,"['853f4daffffffff', '853f4da7fffffff', '853f4da3fffffff', '853f4d33fffffff', '853f4dabfffffff', '853f4d37fffffff', '852da693fffffff']"
228,Mudanya,wfp.15955,40.35468,28.92919,tr,black,"['851ec96bfffffff', '851ec96ffffffff', '851ecba7fffffff', '851ec97bfffffff', '852d3497fffffff', '851ecbb7fffffff', '851ec963fffffff']"
229,Mytilene,wfp.16913,39.09997,26.55639,gr,black,"['853f64cbfffffff', '851ed927fffffff', '853f64cffffffff', '853f6453fffffff', '851ed937fffffff', '853f64dbfffffff', '853f64c3fffffff']"
230,MÖNSTERÅS,9492214,57.1,16.56678,se,baltic,"['851f2d07fffffff', '851f2d0ffffffff', '851f2dabfffffff', '851f2d03fffffff', '851f2d3bfffffff', '851f2d17fffffff', '851f2d33fffffff']"
231,NAANTALI/NÅDENDAL,91013,60.467,22.017,fi,baltic,"['85089dbbfffffff', '85089d87fffffff', '85089da3fffffff', '85089db3fffffff', '85089dabfffffff', '85089d17fffffff', '85089d8ffffffff']"
232,NOL,432124,57.917,12.066,se,baltic,"['851f25a3fffffff', '851f25abfffffff', '851f25affffffff', '851f25a7fffffff', '851f25bbfffffff', '851f25b3fffffff', '851f25b7fffffff']"
233,NORRKÖPING,1416,58.61,16.194,se,baltic,"['8508b303fffffff', '8508b30ffffffff', '8508b30bfffffff', '8508b317fffffff', '8508b307fffffff', '8508b313fffffff', '8508b31bfffffff']"
234,NORRSUNDET,9593,60.9341,17.1671,se,baltic,"['85088503fffffff', '85088517fffffff', '85088513fffffff', '85088507fffffff', '8508850bfffffff', '8508851bfffffff', '8508850ffffffff']"
235,NYNÄSHAMN,953,58.9,17.95,se,baltic,"['850895bbfffffff', '85089517fffffff', '8508958ffffffff', '850895b3fffffff', '85089587fffffff', '850895a3fffffff', '850895abfffffff']"
236,Nahr El Kalb,wfp.17365,33.95837,35.5968,lb,black,"['852da27bfffffff', '852da24ffffffff', '852da26bfffffff', '852db1b7fffffff', '852da273fffffff', '852da247fffffff', '852da263fffffff']"
237,Naxos,wfp.16537,37.10751,25.3743,gr,black,"['853f7557fffffff', '853f751bfffffff', '853f7553fffffff', '853f7543fffffff', '853f750bfffffff', '853f7547fffffff', '853f75cffffffff']"
238,Nea Karvali,wfp.16287,40.95813,24.50737,gr,black,"['851ec373fffffff', '851ec37bfffffff', '851ec30bfffffff', '851ec30ffffffff', '851ec363fffffff', '851ec377fffffff', '851ec347fffffff']"
239,Nikolayev,wfp.17402,46.94275,31.97247,ua,black,"['851e4e47fffffff', '851e4e43fffffff', '851e4e7bfffffff', '851e4e57fffffff', '851e4e0bfffffff', '851e4e4ffffffff', '851e4e73fffffff']"
240,Novorossiysk,wfp.14907,44.73042,37.77906,ru,black,"['852d728ffffffff', '852d7217fffffff', '852d72bbfffffff', '852d7283fffffff', '852d728bfffffff', '852d7287fffffff', '852d7213fffffff']"
241,ORRSKÄR,84289,61.22,24.817172,fi,baltic,"['8511240bfffffff', '8511240ffffffff', '8511241bfffffff', '85112447fffffff', '85112403fffffff', '85112473fffffff', '85112457fffffff']"
242,OSKARSHAMN,12,57.25,16.45,se,baltic,"['851f2d17fffffff', '851f2dabfffffff', '851f2d8ffffffff', '851f2d03fffffff', '851f2d07fffffff', '851f2dbbfffffff', '851f2d13fffffff']"
243,OSLO,403,59.9,10.784,no,baltic,"['8509993bfffffff', '85099933fffffff', '8509990ffffffff', '85099977fffffff', '85099923fffffff', '85099907fffffff', '8509992bfffffff']"
244,OTTERBÄCKEN,224,58.949,14.0294,se,baltic,"['8508b0b7fffffff', '8508b54ffffffff', '8508b57bfffffff', '8508b56bfffffff', '8508b0a3fffffff', '8508b0a7fffffff', '8508b0b3fffffff']"
245,OULU,2140,65.0167,25.4667,fi,baltic,"['8508d183fffffff', '8508d197fffffff', '8508d193fffffff', '8508d187fffffff', '8508d18ffffffff', '8508d19bfffffff', '8508d18bfffffff']"
246,OXELÖSUND,994,58.667,17.121,se,baltic,"['8508b367fffffff', '8508b36ffffffff', '8508959bfffffff', '8508b32bfffffff', '8508b363fffffff', '85089593fffffff', '8508b377fffffff']"
247,Odessa,wfp.14757,46.48652,30.74854,ua,black,"['851e5dcbfffffff', '851e5dc3fffffff', '851e5c27fffffff', '851e5c37fffffff', '851e5ddbfffffff', '851e5d53fffffff', '851e5dcffffffff']"
248,Oktyabrsk,wfp.16857,46.83687,31.95346,ua,black,"['851e5db7fffffff', '851e4e6bfffffff', '851e5db3fffffff', '851e4e7bfffffff', '851e5da7fffffff', '851e4e4ffffffff', '851e5da3fffffff']"
249,Ordu,wfp.15463,40.99546,37.87507,tr,black,"['852d1d2bfffffff', '852d1d3bfffffff', '852d1d77fffffff', '852d1993fffffff', '852d1d67fffffff', '852d1d23fffffff', '852d1d2ffffffff']"
250,Otranto,wfp.15524,40.14514,18.49272,it,black,"['851ed653fffffff', '851ed643fffffff', '851ed657fffffff', '851ed6cbfffffff', '851ed6cffffffff', '851e8b27fffffff', '851ed65bfffffff']"
251,PALDISKI,1274,59.33123,24.0829,ee,baltic,"['8508986ffffffff', '85089bd3fffffff', '85089867fffffff', '85089863fffffff', '85089bd7fffffff', '8508986bfffffff', '85089b9bfffffff']"
252,PIETARSAARI,3+24442,63.684,22.7272,fi,baltic,"['8508d4d7fffffff', '8508d4c3fffffff', '8508d48bfffffff', '8508f26ffffffff', '8508d4d3fffffff', '8508d4c7fffffff', '8508d49bfffffff']"
253,PORI/MÄNTYLUOTO,8475,61.62,21.485,fi,baltic,"['850888cbfffffff', '85088e27fffffff', '85088e37fffffff', '85088853fffffff', '850888cffffffff', '850888c3fffffff', '850888dbfffffff']"
254,PRIMORSK,45647,60.333233,28.667,ru,baltic,"['851104d3fffffff', '8511226bfffffff', '851104dbfffffff', '851104c3fffffff', '851104d7fffffff', '851131a7fffffff', '8511226ffffffff']"
255,Paphos,wfp.16076,34.75589,32.4073,cy,black,"['853f4d13fffffff', '853f4d8ffffffff', '853f4d1bfffffff', '853f4d17fffffff', '853f4d03fffffff', '853f4d8bfffffff', '853f4dc7fffffff']"
256,Parainen,9949,60.3,22.394,fi,baltic,"['85089d0ffffffff', '85089d0bfffffff', '85089d07fffffff', '85089d73fffffff', '85089d03fffffff', '85089d3bfffffff', '85089d77fffffff']"
257,Parga,wfp.15773,39.28813,20.3883,gr,black,"['851ed237fffffff', '851ed233fffffff', '851ed3cbfffffff', '851ed223fffffff', '851ed2affffffff', '851ed3dbfffffff', '851ed227fffffff']"
258,Patmos,wfp.14848,37.32355,26.54462,gr,black,"['853f62c3fffffff', '853f62cbfffffff', '853f62c7fffffff', '853f62d7fffffff', '853f62cffffffff', '853f62d3fffffff', '853f62dbfffffff']"
259,Perama,wfp.15845,37.96341,23.56475,gr,black,"['851eda73fffffff', '851eda7bfffffff', '851eda0ffffffff', '851eda0bfffffff', '851eda47fffffff', '851eda63fffffff', '851eda77fffffff']"
260,Poti,wfp.17094,42.15249,41.65514,ge,black,"['852c218bfffffff', '852c218ffffffff', '852c21d7fffffff', '852c2113fffffff', '852c2183fffffff', '852c21c7fffffff', '852c219bfffffff']"
261,Puhos,9246219,62.119,29.9171,fi,baltic,"['85112e4ffffffff', '85112e47fffffff', '851105b7fffffff', '851105b3fffffff', '85112e4bfffffff', '85112e43fffffff', '85112e7bfffffff']"
262,PÄRNU,69319,58.3832999,24.549,ee,baltic,"['85089a4ffffffff', '85089a7bfffffff', '851f6593fffffff', '85089a43fffffff', '851f659bfffffff', '85089a4bfffffff', '85089a47fffffff']"
263,RAAHE,3280995,64.6845,24.4836,fi,baltic,"['8508d573fffffff', '8508d50ffffffff', '8508d577fffffff', '8508d563fffffff', '8508d50bfffffff', '8508d547fffffff', '8508d57bfffffff']"
264,RAUMA,89,61.1329,21.4995,fi,baltic,"['85088e3bfffffff', '85088e07fffffff', '85088e23fffffff', '85088e0ffffffff', '85088e2bfffffff', '85088e33fffffff', '85088e77fffffff']"
265,RIGA,92248,56.9521,24.08341,lv,baltic,"['851f6073fffffff', '851f600bfffffff', '851f600ffffffff', '851f607bfffffff', '851f6063fffffff', '851f6047fffffff', '851f6077fffffff']"
266,RONEHAMN,42326,57.175,18.511,se,baltic,"['8508960ffffffff', '85089607fffffff', '85089603fffffff', '8508963bfffffff', '85089677fffffff', '85089673fffffff', '8508960bfffffff']"
267,RUNDVIK,4620,63.534,19.4449,se,baltic,"['8508f617fffffff', '8508f6abfffffff', '8508f603fffffff', '8508f613fffffff', '8508f607fffffff', '8508f6bbfffffff', '8508f68ffffffff']"
268,Reni,wfp.14761,45.42039,28.28888,ua,black,"['851e5e43fffffff', '851e5e57fffffff', '851e5e4ffffffff', '851e5e4bfffffff', '851e5e47fffffff', '851e5e53fffffff', '851e5e5bfffffff']"
269,Rhodes,wfp.17236,36.44404,28.23245,gr,black,"['853f44b7fffffff', '853f44a3fffffff', '853f634ffffffff', '853f636bfffffff', '853f44b3fffffff', '853f44a7fffffff', '853f637bfffffff']"
270,Ristiina,899872,61.467,27.2833,fi,baltic,"['85112067fffffff', '85112077fffffff', '85112063fffffff', '8511202bfffffff', '85112393fffffff', '8511239bfffffff', '8511206ffffffff']"
271,Rize,wfp.15965,41.03432,40.51256,tr,black,"['852c20c3fffffff', '852c20c7fffffff', '852c20d7fffffff', '852c20d3fffffff', '852c20cbfffffff', '852c20cffffffff', '852c20dbfffffff']"
272,Ruse,wfp.14507,43.84213,25.93863,bg,black,"['851eee23fffffff', '851eee2ffffffff', '851eee27fffffff', '851eee2bfffffff', '851eee37fffffff', '851eee33fffffff', '851eee3bfffffff']"
273,SAINT PETERSBURG,190,59.9344,30.322,ru,baltic,"['85110607fffffff', '8511063bfffffff', '8511060ffffffff', '851106abfffffff', '85110603fffffff', '85110617fffffff', '85110633fffffff']"
274,SILLAMÄE,93482,59.3992,27.733042,ee,baltic,"['851131d3fffffff', '851131d7fffffff', '8511356bfffffff', '851131dbfffffff', '851131c3fffffff', '8511356ffffffff', '851130a7fffffff']"
275,SIMRISHAMN,350,55.567,14.36666,se,baltic,"['851f2a13fffffff', '851f2a8bfffffff', '851f2a1bfffffff', '851f2a8ffffffff', '851f2a17fffffff', '851f2a03fffffff', '851f2ac7fffffff']"
276,SKELLEFTEHAMN,1945,64.684,21.2518,se,baltic,"['8508f397fffffff', '8508f15bfffffff', '8508f383fffffff', '8508f387fffffff', '8508f393fffffff', '8508f02ffffffff', '8508f14bfffffff']"
277,SKOGHALL,94486,59.317,13.4398,se,baltic,"['8508b507fffffff', '8508b517fffffff', '8508b533fffffff', '8508b503fffffff', '8508b5abfffffff', '8508b53bfffffff', '8508b50ffffffff']"
278,SKUTSKÄR,848,60.6505,17.4171,se,baltic,"['85088543fffffff', '85088557fffffff', '8508854bfffffff', '85088553fffffff', '8508854ffffffff', '8508855bfffffff', '85088547fffffff']"
279,SKÖLDVIK,553,60.31,25.56622,fi,baltic,"['8511261bfffffff', '85112613fffffff', '851126c7fffffff', '851126cffffffff', '85112603fffffff', '8511260bfffffff', '85112657fffffff']"
280,SLITE,492,57.717,18.816,se,baltic,"['850890c3fffffff', '850890d3fffffff', '850890cffffffff', '850890d7fffffff', '850890c7fffffff', '850890dbfffffff', '850890cbfffffff']"
281,STENUNGSUND,211239847,58.0835,11.8165,se,baltic,"['8508b4dbfffffff', '8508b4cbfffffff', '851f2597fffffff', '8508b4d3fffffff', '851f25b3fffffff', '851f2587fffffff', '8508b4c3fffffff']"
282,STOCKA,958123,61.9042,17.35421,se,baltic,"['8508a85bfffffff', '8508ae27fffffff', '8508ae2ffffffff', '8508a853fffffff', '8508a843fffffff', '8508a84bfffffff', '8508aa97fffffff']"
283,STOCKHOLM,985,59.3179,18.061,se,baltic,"['85088663fffffff', '8508866bfffffff', '85088673fffffff', '8508866ffffffff', '8508867bfffffff', '85088667fffffff', '85088677fffffff']"
284,STORUGNS,7324723,57.83332,18.80421,se,baltic,"['850890c7fffffff', '8508901bfffffff', '8508908bfffffff', '850890cffffffff', '85089013fffffff', '850890d7fffffff', '850890c3fffffff']"
285,STRÅ,95772812,57.88,19.01642,se,baltic,"['8508901bfffffff', '85089003fffffff', '850890cffffffff', '85089013fffffff', '850890c7fffffff', '8508900bfffffff', '85089057fffffff']"
286,STRÖMSTAD,40421948,58.93,11.166841,se,baltic,"['85099bcffffffff', '85099b1bfffffff', '85099b57fffffff', '85099b53fffffff', '85099bc7fffffff', '85099bcbfffffff', '85099bc3fffffff']"
287,SUNDSVALL,938412,62.416612,17.333234,se,baltic,"['8508a807fffffff', '8508a833fffffff', '8508a803fffffff', '8508a83bfffffff', '8508a817fffffff', '8508a8abfffffff', '8508a80ffffffff']"
288,SURTE,12980,57.8333128,12.016734,se,baltic,"['851f25a3fffffff', '851f25abfffffff', '851f25affffffff', '851f25a7fffffff', '851f25bbfffffff', '851f25b3fffffff', '851f25b7fffffff']"
289,Saida,wfp.17592,33.56453,35.3675,lb,black,"['852db197fffffff', '852da24bfffffff', '852db183fffffff', '852db52ffffffff', '852da25bfffffff', '852db187fffffff', '852db193fffffff']"
290,Saida Commercial Port,wfp.17889,33.55656,35.36527,lb,black,"['852db197fffffff', '852da24bfffffff', '852db183fffffff', '852db52ffffffff', '852da25bfffffff', '852db187fffffff', '852db193fffffff']"
291,Samos,wfp.16428,37.75633,26.9761,gr,black,"['853f6293fffffff', '853f6283fffffff', '853f6667fffffff', '853f629bfffffff', '853f6297fffffff', '853f662ffffffff', '853f662bfffffff']"
292,Samsun,wfp.14960,41.30185,36.33565,tr,black,"['852d0323fffffff', '852d0333fffffff', '852d0327fffffff', '852d032bfffffff', '852d033bfffffff', '852d032ffffffff', '852d0337fffffff']"
293,Sarafand,wfp.16261,33.45288,35.28596,lb,black,"['852db183fffffff', '852db197fffffff', '852db19bfffffff', '852db18ffffffff', '852db18bfffffff', '852db187fffffff', '852db193fffffff']"
294,Sariyer,wfp.16617,41.16715,29.05758,tr,black,"['851ec98ffffffff', '851ec987fffffff', '851ec9bbfffffff', '851ec98bfffffff', '851ec917fffffff', '851ec983fffffff', '851ec913fffffff']"
295,Sarkoy,wfp.17486,40.61138,27.11355,tr,black,"['851ec84ffffffff', '851ec847fffffff', '851ecab7fffffff', '851ec84bfffffff', '851ec843fffffff', '851ec87bfffffff', '851ecab3fffffff']"
296,Savonlinna,8474812,61.867,28.866,fi,baltic,"['85112337fffffff', '851123affffffff', '85112327fffffff', '85112323fffffff', '85112edbfffffff', '85112333fffffff', '85112ecbfffffff']"
297,Selaata,wfp.15789,34.28059,35.65501,lb,black,"['852da277fffffff', '852da23bfffffff', '852da20ffffffff', '852da267fffffff', '852da273fffffff', '852da22bfffffff', '852da263fffffff']"
298,Sevastopol,wfp.16880,44.61475,33.50764,ua,black,"['852d2897fffffff', '852d2d5bfffffff', '852d2883fffffff', '852d2893fffffff', '852d2c2ffffffff', '852d2d4bfffffff', '852d2887fffffff']"
299,Shengjin,wfp.14869,41.81386,19.58879,al,black,"['851ed493fffffff', '851ed497fffffff', '851ed49bfffffff', '851ef267fffffff', '851ef22ffffffff', '851ed483fffffff', '851ef22bfffffff']"
300,Sidi Kerir,wfp.14383,31.05359,29.67018,eg,black,"['853f5babfffffff', '853f5ba3fffffff', '853f5baffffffff', '853f5b17fffffff', '853f5b33fffffff', '853f5b07fffffff', '853f5bbbfffffff']"
301,Siilinjõrvi,1239479821,63.1038,27.75409,fi,baltic,"['85112cd7fffffff', '85112c8bfffffff', '85112cc7fffffff', '85112c9bfffffff', '8508d26ffffffff', '85112cc3fffffff', '85112cd3fffffff']"
302,Silistra,wfp.17380,44.12381,27.2648,bg,black,"['851ee8abfffffff', '851ee807fffffff', '851ee8bbfffffff', '851ee817fffffff', '851ee8a3fffffff', '851ee833fffffff', '851ee8affffffff']"
303,Sinop,wfp.15957,42.02469,35.14904,tr,black,"['852d011bfffffff', '852d0157fffffff', '852d01cffffffff', '852d010bfffffff', '852d0113fffffff', '852d01c7fffffff', '852d0103fffffff']"
304,Sitia,wfp.14629,35.21253,26.11098,gr,black,"['853f7337fffffff', '853f7323fffffff', '853f7333fffffff', '853f7327fffffff', '853f46cbfffffff', '853f73affffffff', '853f46dbfffffff']"
305,Skadovsk,wfp.16783,46.10741,32.90973,ua,black,"['851e4a0ffffffff', '851e4a3bfffffff', '851e4a07fffffff', '851e4a03fffffff', '851e4a77fffffff', '851e4a73fffffff', '851e4a0bfffffff']"
306,Skaramanga,wfp.16895,38.01179,23.59754,gr,black,"['851eda73fffffff', '851eda7bfffffff', '851eda0ffffffff', '851eda0bfffffff', '851eda47fffffff', '851eda63fffffff', '851eda77fffffff']"
307,Skiathos,wfp.15767,39.16343,23.49153,gr,black,"['851ede27fffffff', '851ede23fffffff', '851ed853fffffff', '851ede2ffffffff', '851ede37fffffff', '851ed85bfffffff', '851ed8cbfffffff']"
308,Skopelos,wfp.16296,39.12081,23.73015,gr,black,"['851ed853fffffff', '851ed8cffffffff', '851ede27fffffff', '851ed85bfffffff', '851ed857fffffff', '851ed843fffffff', '851ed8cbfffffff']"
309,Sochi,wfp.16416,43.58214,39.72054,ru,black,"['852d568ffffffff', '852d5687fffffff', '852d5617fffffff', '852d5683fffffff', '852d56bbfffffff', '852d5613fffffff', '852d568bfffffff']"
310,Sour,wfp.14506,33.27516,35.19441,lb,black,"['852db19bfffffff', '852db567fffffff', '852db183fffffff', '852db1d7fffffff', '852db56ffffffff', '852db18bfffffff', '852db193fffffff']"
311,Sour Commercial Port,wfp.17890,33.27382,35.19796,lb,black,"['852db19bfffffff', '852db567fffffff', '852db183fffffff', '852db1d7fffffff', '852db56ffffffff', '852db18bfffffff', '852db193fffffff']"
312,Stratoni,wfp.16926,40.50866,23.82682,gr,black,"['851edcbbfffffff', '851edc17fffffff', '851edca3fffffff', '851edc87fffffff', '851edcabfffffff', '851edcb3fffffff', '851edc8ffffffff']"
313,Stylis,wfp.16866,38.91218,22.61566,gr,black,"['851ede7bfffffff', '851ede6bfffffff', '851ede47fffffff', '851ede4ffffffff', '851ede63fffffff', '853f2db7fffffff', '851ede73fffffff']"
314,Sukhumi,wfp.16978,42.99385,40.989,ge,black,"['852d52d7fffffff', '852d52c3fffffff', '852d52c7fffffff', '852d528bfffffff', '852d52d3fffffff', '852d566ffffffff', '852d529bfffffff']"
315,Sulina (Port Et Zone Franche),wfp.14337,45.15849,29.66218,ro,black,"['851e5a87fffffff', '851e5ab3fffffff', '851e584bfffffff', '851e5a83fffffff', '851e5a8ffffffff', '851e5a97fffffff', '851e5abbfffffff']"
316,Supsa,wfp.17332,42.00045,41.75929,ge,black,"['852c2113fffffff', '852c218ffffffff', '852c218bfffffff', '852c2103fffffff', '852c2117fffffff', '852c21c7fffffff', '852c211bfffffff']"
317,Syros (Syra),wfp.14333,37.43767,24.94032,gr,black,"['853f75dbfffffff', '853f75c3fffffff', '853f75d3fffffff', '853f74affffffff', '853f74a7fffffff', '853f75cbfffffff', '853f7437fffffff']"
318,SÖDERHAMN,12812,61.3142,17.0812,se,baltic,"['850885a7fffffff', '8508ae6bfffffff', '8508aad3fffffff', '850885a3fffffff', '850885affffffff', '850885b7fffffff', '8508aadbfffffff']"
319,SÖDERTÄLJE,4299,59.2,17.832633238,se,baltic,"['8508867bfffffff', '8508866bfffffff', '85088647fffffff', '85088673fffffff', '85088663fffffff', '850895b7fffffff', '8508864ffffffff']"
320,SÖLVESBORG,8312,56.0508,14.583321,se,baltic,"['851f285bfffffff', '851f2e2ffffffff', '851f2a97fffffff', '851f284bfffffff', '851f2843fffffff', '851f2e27fffffff', '851f2853fffffff']"
321,SÖRÅKER,587,62.51978,17.5134,se,baltic,"['8508a83bfffffff', '8508a833fffffff', '8508a823fffffff', '8508a82bfffffff', '8508a807fffffff', '8508a877fffffff', '8508a80ffffffff']"
322,TAALINTEHDAS,9112,60.017,22.50832,fi,baltic,"['85089d47fffffff', '85089d4ffffffff', '85089d7bfffffff', '85089d0bfffffff', '85089d43fffffff', '85089d73fffffff', '85089d57fffffff']"
323,TALLIN,24325,59.42538,24.74848,ee,baltic,"['85089b1bfffffff', '85089bcffffffff', '85089b0bfffffff', '85089b03fffffff', '85089bc7fffffff', '85089b57fffffff', '85089b13fffffff']"
324,TORNIO,43827439,65.7667,24.1448,fi,baltic,"['8508c283fffffff', '8508c28bfffffff', '8508c29bfffffff', '8508c293fffffff', '8508c28ffffffff', '8508c297fffffff', '8508c287fffffff']"
325,TRELLEBORG,782598,55.36668574,13.167417,se,baltic,"['851f0507fffffff', '851f050ffffffff', '851f0503fffffff', '851f053bfffffff', '851f05abfffffff', '851f0517fffffff', '851f0533fffffff']"
326,TROLLHÄTTAN,8092,58.284213,12.28358237,se,baltic,"['8508b41bfffffff', '8508b4cffffffff', '8508b413fffffff', '8508b4c7fffffff', '8508b40bfffffff', '8508b457fffffff', '8508b403fffffff']"
327,TURKU/ÅBO,847432,60.4517,22.253,fi,baltic,"['85089d07fffffff', '85089d33fffffff', '85089d03fffffff', '85089d0ffffffff', '85089d17fffffff', '85089dabfffffff', '85089d3bfffffff']"
328,Tartous,wfp.14793,34.90933,35.87337,sy,black,"['852da3cffffffff', '852da353fffffff', '852da3cbfffffff', '852da357fffffff', '852da31bfffffff', '852da3c3fffffff', '852da3c7fffffff']"
329,Tasucu,wfp.15456,36.31419,33.89405,tr,black,"['852da5c7fffffff', '852da5d7fffffff', '852da5cffffffff', '852da51bfffffff', '852da513fffffff', '852da5c3fffffff', '852da58bfffffff']"
330,Tekirdag,wfp.16216,40.96587,27.50264,tr,black,"['851ec803fffffff', '851ec817fffffff', '851ec807fffffff', '851ec80bfffffff', '851ec81bfffffff', '851ec813fffffff', '851ec80ffffffff']"
331,Tel Aviv,wfp.16242,32.10312,34.77766,il,black,"['852db0cffffffff', '852db01bfffffff', '852db053fffffff', '852db0c3fffffff', '852db0c7fffffff', '852db0cbfffffff', '852db057fffffff']"
332,Thasos,wfp.15275,40.77924,24.70144,gr,black,"['851ec367fffffff', '851ec32bfffffff', '851ec36ffffffff', '851ec363fffffff', '851edd9bfffffff', '851ec377fffffff', '851edd93fffffff']"
333,Thira,wfp.14440,36.3861,25.43119,gr,black,"['853f70affffffff', '853f71dbfffffff', '853f70a3fffffff', '853f70abfffffff', '853f7037fffffff', '853f70a7fffffff', '853f7033fffffff']"
334,Trabzon,wfp.16210,41.00331,39.73714,tr,black,"['852c244bfffffff', '852c2443fffffff', '852c2697fffffff', '852c2687fffffff', '852c245bfffffff', '852c26b3fffffff', '852c244ffffffff']"
335,Tripoli,wfp.14791,34.45253,35.8313,lb,black,"['852da22bfffffff', '852da23bfffffff', '852da267fffffff', '852da223fffffff', '852da22ffffffff', '852da277fffffff', '852d8493fffffff']"
336,Tripoli Fishing Port,wfp.17887,34.45521,35.81286,lb,black,"['852da22bfffffff', '852da23bfffffff', '852da267fffffff', '852da223fffffff', '852da22ffffffff', '852da277fffffff', '852d8493fffffff']"
337,Tuapse,wfp.14938,44.09488,39.06453,ru,black,"['852d54dbfffffff', '852d54cbfffffff', '852d54c3fffffff', '852d0937fffffff', '852d09affffffff', '852d54d3fffffff', '852d09a7fffffff']"
338,Tutunciftlik,wfp.14474,40.74509,29.77666,tr,black,"['851ec927fffffff', '851ec923fffffff', '851ec937fffffff', '852d35d3fffffff', '852d359bfffffff', '851ec92ffffffff', '852d35d7fffffff']"
339,Tuzla,wfp.15674,40.83666,29.28351,tr,black,"['851ec93bfffffff', '851ec923fffffff', '851ec977fffffff', '851ec92bfffffff', '851ec907fffffff', '851ec90ffffffff', '851ec933fffffff']"
340,UDDEVALLA,4215,58.3555,11.9334,se,baltic,"['8508b48bfffffff', '8508b413fffffff', '8508b4d7fffffff', '8508b49bfffffff', '8508b4c7fffffff', '8508b483fffffff', '8508b48ffffffff']"
341,UST-LUGA,8214872,59.683,28.434,ru,baltic,"['85113103fffffff', '8511310bfffffff', '85113113fffffff', '8511310ffffffff', '85113107fffffff', '8511311bfffffff', '85113117fffffff']"
342,UUSIKAUPUNKI/NYSTAD,8928379,60.8021,21.4405,fi,baltic,"['85088e47fffffff', '85088e73fffffff', '85088e0bfffffff', '85088e43fffffff', '85088e4ffffffff', '85088e57fffffff', '85088e7bfffffff']"
343,Unye,wfp.17434,41.11297,37.33216,tr,black,"['852d1d07fffffff', '852d1d3bfffffff', '852d1d03fffffff', '852d1d33fffffff', '852d1d0ffffffff', '852d1dabfffffff', '852d1d17fffffff']"
344,Ust Dunaysk,wfp.17352,45.46653,29.71136,ua,black,"['851e5853fffffff', '851e585bfffffff', '851e5e27fffffff', '851e58cffffffff', '851e5843fffffff', '851e58cbfffffff', '851e5857fffffff']"
345,VAASA,1049,63.0832,21.616,fi,baltic,"['85088997fffffff', '85088983fffffff', '85088987fffffff', '85088993fffffff', '8508f25bfffffff', '8508f24bfffffff', '85088d2ffffffff']"
346,VARBERG,743,57.1129,12.249,se,baltic,"['851f218bfffffff', '851f21d7fffffff', '851f2113fffffff', '851f218ffffffff', '851f21c7fffffff', '851f219bfffffff', '851f2183fffffff']"
347,VARGÖN,2993948,58.332,12.367,se,baltic,"['8508b41bfffffff', '8508b4cffffffff', '8508b413fffffff', '8508b4c7fffffff', '8508b40bfffffff', '8508b457fffffff', '8508b403fffffff']"
348,VENTSPILS,7464,57.4783,21.51646,lv,baltic,"['8508934bfffffff', '851f66d7fffffff', '8508935bfffffff', '851f66d3fffffff', '8508934ffffffff', '85089343fffffff', '851f669bfffffff']"
349,VISBY,88,57.6323,18.2823,se,baltic,"['850896a7fffffff', '850890d3fffffff', '850896b7fffffff', '850890dbfffffff', '850896affffffff', '8508946bfffffff', '850896a3fffffff']"
350,VYBORG,9327575,60.716442,28.783328,ru,baltic,"['85110483fffffff', '8511048bfffffff', '8511049bfffffff', '85110487fffffff', '85110497fffffff', '85110493fffffff', '8511048ffffffff']"
351,VYSOTSKI,14928,60.616,28.566,ru,baltic,"['8511049bfffffff', '8511048bfffffff', '85110483fffffff', '851104d7fffffff', '85110493fffffff', '85112267fffffff', '8511226ffffffff']"
352,Varkaus,14173,62.3167,27.916724,fi,baltic,"['85112173fffffff', '85112163fffffff', '85112147fffffff', '85112177fffffff', '8511210ffffffff', '8511217bfffffff', '8511210bfffffff']"
353,Varna,wfp.15505,43.19695,27.91235,bg,black,"['851eebbbfffffff', '851eeba3fffffff', '851eebabfffffff', '851eeb17fffffff', '851eeb8ffffffff', '851eebb3fffffff', '851eeb87fffffff']"
354,Vassiliko,wfp.17201,34.71907,33.31394,cy,black,"['852da693fffffff', '853f4da7fffffff', '852da697fffffff', '852da69bfffffff', '853f4d37fffffff', '852da683fffffff', '853f4daffffffff']"
355,VÄNERSBORG,71121,58.3834,12.3167,se,baltic,"['8508b41bfffffff', '8508b4cffffffff', '8508b413fffffff', '8508b4c7fffffff', '8508b40bfffffff', '8508b457fffffff', '8508b403fffffff']"
356,VÄSTERVIK,352995,57.7532,16.583,se,baltic,"['850894d7fffffff', '8508948bfffffff', '8508b26ffffffff', '850894c3fffffff', '850894c7fffffff', '850894d3fffffff', '8508949bfffffff']"
357,VÄSTERÅS,90433,59.63,16.552,se,baltic,"['85088697fffffff', '8508845bfffffff', '8508b12ffffffff', '85088687fffffff', '85088693fffffff', '8508844bfffffff', '85088683fffffff']"
358,WALLHAMN,421815,58.017,11.79573,se,baltic,"['8508b4dbfffffff', '8508b4cbfffffff', '851f2597fffffff', '8508b4d3fffffff', '851f25b3fffffff', '851f2587fffffff', '8508b4c3fffffff']"
359,YSTAD,130593,55.4333243,13.83,se,baltic,"['851f2acbfffffff', '851f2acffffffff', '851f2adbfffffff', '851f0527fffffff', '851f2a53fffffff', '851f0537fffffff', '851f2ac3fffffff']"
360,Yali Island,wfp.17307,36.66157,27.11999,gr,black,"['853f6263fffffff', '853f627bfffffff', '853f626bfffffff', '853f6267fffffff', '853f626ffffffff', '853f6277fffffff', '853f6273fffffff']"
361,Yalta,wfp.14759,44.49547,34.17137,ua,black,"['852d28abfffffff', '852d28bbfffffff', '852d28a3fffffff', '852d2817fffffff', '852d28affffffff', '852d2807fffffff', '852d2833fffffff']"
362,Yarimca,wfp.17315,40.76228,29.749,tr,black,"['851ec927fffffff', '851ec923fffffff', '851ec937fffffff', '852d35d3fffffff', '852d359bfffffff', '851ec92ffffffff', '852d35d7fffffff']"
363,Yerakini,wfp.16297,40.27652,23.44179,gr,black,"['851edc1bfffffff', '851edc03fffffff', '851edcc7fffffff', '851edc0bfffffff', '851edc13fffffff', '851edc57fffffff', '851edccffffffff']"
364,Yumurtalik Bay,wfp.16974,36.76783,35.79096,tr,black,"['852da1a7fffffff', '852dacd3fffffff', '852da1a3fffffff', '852da1affffffff', '852d126bfffffff', '852dacdbfffffff', '852da1b7fffffff']"
365,Yuzhnyy,wfp.17401,46.61595,31.02712,ua,black,"['851e5dc7fffffff', '851e5dc3fffffff', '851e5d1bfffffff', '851e5dd7fffffff', '851e5d8bfffffff', '851e5d13fffffff', '851e5dcffffffff']"
366,Zelenika,wfp.14686,42.45022,18.57279,me,black,"['851ef2c3fffffff', '851ef2cbfffffff', '851ef2d3fffffff', '851ef2d7fffffff', '851ef2dbfffffff', '851ef2c7fffffff', '851ef2cffffffff']"
367,Zeytinburnu,wfp.14813,40.98118,28.8942,tr,black,"['851ec903fffffff', '851ec917fffffff', '851ec91bfffffff', '851ec90bfffffff', '851ec907fffffff', '851ec90ffffffff', '851ec913fffffff']"
368,Zonguldak,wfp.16464,41.45391,31.78781,tr,black,"['852d227bfffffff', '852d31b7fffffff', '852d224ffffffff', '852d2263fffffff', '852d226bfffffff', '852d2247fffffff', '852d2273fffffff']"
369,Zouq,wfp.17240,33.9698,35.60259,lb,black,"['852da27bfffffff', '852da24ffffffff', '852da26bfffffff', '852db1b7fffffff', '852da273fffffff', '852da247fffffff', '852da263fffffff']"
370,ÅHUS,89412,55.93332,14.316325,se,baltic,"['851f2a93fffffff', '851f2a83fffffff', '851f2e2ffffffff', '851f2a97fffffff', '851f2a9bfffffff', '851f2e67fffffff', '851f2e2bfffffff']"
371,ÅMÅL,93251,59.05241,12.716421,se,baltic,"['8508b5d7fffffff', '8508b5c7fffffff', '8508b5d3fffffff', '8508b58bfffffff', '8508b5c3fffffff', '8508b59bfffffff', '85099b6ffffffff']"
372,ÖREGRUND,4210,60.33421,18.45953,se,baltic,"['85088007fffffff', '8508800ffffffff', '8508803bfffffff', '85088017fffffff', '850880abfffffff', '85088033fffffff', '85088003fffffff']"
373,ÖRNSKÖLDSVIK,939929,63.283,18.716,se,baltic,"['8508a96ffffffff', '8508f6d3fffffff', '8508a963fffffff', '8508f69bfffffff', '8508f6d7fffffff', '8508a96bfffffff', '8508a967fffffff']"
